{"cameraMode":{"drawMode":0,"name":"Shaded","section":"Shading Mode"},"sceneLighting":false,"audioPlay":false,"sceneViewState":{"showFog":true,"showMaterialUpdate":false,"showSkybox":false,"showFlares":true,"showImageEffects":true,"showParticleSystems":true},"in2DMode":false,"pivot":{"x":-2.345334053039551,"y":4.5840654373168949,"z":-0.7365427017211914},"rotation":{"x":0.3389512300491333,"y":-0.5377209186553955,"z":0.24947844445705415,"w":0.7305675148963928},"size":15.54661750793457,"orthographic":false}