{"cameraMode":{"drawMode":0,"name":"Shaded","section":"Shading Mode"},"sceneLighting":true,"audioPlay":false,"sceneViewState":{"showFog":true,"showMaterialUpdate":false,"showSkybox":true,"showFlares":true,"showImageEffects":true,"showParticleSystems":true},"in2DMode":false,"pivot":{"x":-1.050215721130371,"y":1.6729583740234376,"z":-2.1301212310791017},"rotation":{"x":-0.11670349538326264,"y":0.1586911380290985,"z":-0.018893441185355188,"w":-0.9802247285842896},"size":27.623023986816408,"orthographic":false}