{"cameraMode":{"drawMode":0,"name":"Shaded","section":"Shading Mode"},"sceneLighting":false,"audioPlay":false,"sceneViewState":{"showFog":true,"showMaterialUpdate":false,"showSkybox":false,"showFlares":true,"showImageEffects":true,"showParticleSystems":true},"in2DMode":false,"pivot":{"x":1.1920928955078126e-7,"y":2.268474578857422,"z":0.5350384712219238},"rotation":{"x":-0.010768094100058079,"y":0.8813024163246155,"z":-0.020105617120862008,"w":-0.4720020592212677},"size":15.864970207214356,"orthographic":false}