{"cameraMode":{"drawMode":0,"name":"Shaded","section":"Shading Mode"},"sceneLighting":true,"audioPlay":false,"sceneViewState":{"showFog":false,"showMaterialUpdate":false,"showSkybox":false,"showFlares":false,"showImageEffects":false,"showParticleSystems":false},"in2DMode":false,"pivot":{"x":3.790001153945923,"y":2.268474578857422,"z":0.5350164175033569},"rotation":{"x":0.3973602056503296,"y":-0.08241494745016098,"z":0.03585975617170334,"w":0.9132506847381592},"size":15.86497688293457,"orthographic":true}